{"cameraMode":{"drawMode":0,"name":"Shaded","section":"Shading Mode"},"sceneLighting":true,"audioPlay":false,"sceneViewState":{"showFog":true,"showMaterialUpdate":false,"showSkybox":true,"showFlares":true,"showImageEffects":true,"showParticleSystems":true},"in2DMode":false,"pivot":{"x":0.1107097864151001,"y":-5.0686869621276859,"z":29.89458656311035},"rotation":{"x":0.10057501494884491,"y":-0.0358138307929039,"z":0.003621254814788699,"w":0.9942907094955444},"size":12.10663890838623,"orthographic":false}