{"cameraMode":{"drawMode":0,"name":"Shaded","section":"Shading Mode"},"sceneLighting":true,"audioPlay":false,"sceneViewState":{"showFog":true,"showMaterialUpdate":false,"showSkybox":true,"showFlares":true,"showImageEffects":true,"showParticleSystems":true},"in2DMode":false,"pivot":{"x":0.9165324568748474,"y":-3.7596235275268556,"z":13.622249603271485},"rotation":{"x":-0.16308000683784486,"y":0.008005990646779538,"z":-0.0012092046672478319,"w":-0.9866158366203308},"size":12.10663890838623,"orthographic":false}